CarID,Brand,Model_Year,Fuel_Type,Transmission,Km_Driven,Mileage_kmpl,Engine_CC,Owners,Price_Lakhs
1,Honda,2016,Electric,Manual,19427,27.4,2530,0,16.62
2,Tata,2013,Petrol,Automatic,78566,15.5,2698,0,10.03
3,Maruti,2018,Petrol,Automatic,63850,25.0,873,3,22.22
4,Kia,2006,Petrol,Automatic,5482,19.1,2765,3,17.82
5,Kia,2019,CNG,Automatic,17940,10.3,1901,2,18.29
6,Toyota,2009,Petrol,Manual,187428,8.5,2766,3,19.08
7,Kia,2014,Petrol,Automatic,90713,19.7,867,1,17.34
8,Tata,2016,CNG,Manual,141306,12.4,2266,0,13.46
9,Tata,2005,CNG,Manual,55115,13.0,1999,2,10.89
10,Mahindra,2011,Diesel,Automatic,111427,19.6,2784,3,4.3
11,Mahindra,2024,CNG,Manual,25712,24.3,2217,0,20.52
12,Hyundai,2019,Diesel,Automatic,82935,22.8,2336,3,14.92
13,Hyundai,2013,Petrol,Automatic,48062,19.2,1098,2,22.4
14,Kia,2014,Diesel,Automatic,103195,21.7,1846,2,23.12
15,Toyota,2015,Diesel,Manual,59048,26.7,960,0,8.94
16,Kia,2015,Petrol,Automatic,37435,15.9,1305,0,2.3
17,Honda,2009,CNG,Manual,139626,26.2,1654,2,2.67
18,Toyota,2009,Electric,Manual,196137,17.6,2456,2,1.81
19,Tata,2024,Petrol,Manual,80615,20.5,1505,1,13.2
20,Mahindra,2011,Diesel,Manual,193486,18.5,2439,3,5.39
21,Mahindra,2019,Petrol,Automatic,109550,12.4,1404,1,22.84
22,Hyundai,2010,Diesel,Automatic,90817,25.7,1539,3,24.15
23,Kia,2020,CNG,Automatic,12242,28.3,2441,2,23.69
24,Honda,2016,Electric,Automatic,9527,23.5,2933,2,12.36
25,Maruti,2009,CNG,Manual,135436,16.9,1236,2,12.06
26,Tata,2006,Petrol,Manual,94559,25.2,1201,2,4.79
27,Kia,2014,Electric,Automatic,139910,14.3,2558,2,19.02
28,Honda,2021,Petrol,Manual,52729,16.8,1133,1,21.66
29,Mahindra,2013,Electric,Manual,23774,11.4,2930,2,15.0
30,Tata,2019,Electric,Manual,152559,25.5,2250,2,17.47
31,Hyundai,2019,CNG,Manual,47796,24.5,2270,2,18.6
32,Maruti,2010,CNG,Manual,182059,21.5,1117,3,15.67
33,Honda,2016,Petrol,Automatic,108769,27.7,938,1,15.7
34,Tata,2022,Petrol,Manual,78480,27.0,1472,2,22.13
35,Tata,2016,CNG,Manual,92349,15.3,2509,1,13.15
36,Maruti,2006,Petrol,Manual,148199,23.2,1612,2,15.42
37,Mahindra,2010,Petrol,Automatic,150014,20.5,1624,3,15.91
38,Mahindra,2014,Diesel,Manual,82605,23.6,1079,1,23.35
39,Hyundai,2022,Diesel,Manual,76734,24.3,2353,0,16.75
40,Tata,2024,Diesel,Manual,67905,13.1,1052,1,17.46
41,Kia,2018,Diesel,Automatic,150240,23.3,2532,3,24.08
42,Hyundai,2014,Petrol,Automatic,159623,18.6,2513,2,6.27
43,Hyundai,2005,Petrol,Automatic,82089,19.7,1025,2,18.55
44,Maruti,2024,Electric,Automatic,80693,16.9,874,0,21.81
45,Mahindra,2007,Electric,Manual,56294,29.5,2380,3,16.75
46,Honda,2008,Petrol,Manual,17844,23.0,814,1,19.1
47,Toyota,2006,Petrol,Manual,34510,26.4,1761,0,17.62
48,Toyota,2020,CNG,Manual,126809,10.6,2757,0,1.77
49,Toyota,2020,Petrol,Automatic,63087,27.7,1766,2,11.27
50,Hyundai,2010,CNG,Automatic,97815,12.1,1891,0,19.99
51,Honda,2022,CNG,Automatic,15404,21.8,2515,0,24.33
52,Hyundai,2011,Electric,Automatic,112629,21.3,835,2,5.49
53,Maruti,2006,Petrol,Automatic,31078,15.5,1214,0,16.6
54,Hyundai,2008,CNG,Manual,35924,21.5,2881,0,21.9
55,Tata,2012,Diesel,Manual,158824,8.0,1977,2,23.77
56,Maruti,2022,Diesel,Automatic,123910,17.1,2751,2,11.47
57,Hyundai,2007,Petrol,Manual,77202,20.7,1855,1,10.6
58,Hyundai,2007,Electric,Automatic,58428,23.8,1721,0,18.75
59,Honda,2022,Petrol,Manual,154725,17.3,1800,1,12.87
60,Tata,2024,Electric,Automatic,123888,15.0,1658,1,10.44
61,Tata,2017,Diesel,Automatic,184686,10.0,2436,1,20.49
62,Kia,2012,Diesel,Manual,188934,17.8,2210,2,9.64
63,Hyundai,2010,Electric,Manual,145568,15.7,2659,0,24.07
64,Tata,2023,Petrol,Automatic,190043,17.6,2111,1,1.69
65,Kia,2019,Electric,Manual,36986,20.1,2950,2,16.87
66,Toyota,2020,Electric,Manual,10515,26.1,1452,3,15.03
67,Maruti,2024,Electric,Manual,30985,25.2,2989,2,4.29
68,Hyundai,2023,CNG,Automatic,11026,26.9,899,3,23.34
69,Hyundai,2011,Electric,Automatic,60342,21.5,2269,1,14.42
70,Tata,2021,Diesel,Automatic,156129,11.6,1802,1,17.68
71,Tata,2023,Petrol,Manual,99052,14.0,2460,1,4.88
72,Kia,2022,Petrol,Manual,9934,29.4,2316,1,22.0
73,Mahindra,2007,Electric,Manual,187139,23.0,2917,0,16.2
74,Tata,2016,Diesel,Automatic,161942,24.0,2363,0,9.53
75,Hyundai,2013,Petrol,Automatic,63055,27.8,1179,1,17.08
76,Tata,2008,Diesel,Manual,24179,14.8,1244,0,16.3
77,Mahindra,2022,Electric,Automatic,198195,26.9,2893,3,5.99
78,Hyundai,2007,Petrol,Automatic,88303,25.5,2618,0,8.24
79,Tata,2008,CNG,Manual,160228,18.2,1341,2,2.17
80,Honda,2012,Electric,Manual,108359,11.7,2555,0,9.94
81,Hyundai,2016,Diesel,Automatic,99784,10.4,1943,1,8.65
82,Hyundai,2013,Petrol,Automatic,182871,19.9,2276,0,1.63
83,Mahindra,2010,Electric,Automatic,126338,12.4,2380,2,10.1
84,Kia,2019,Electric,Automatic,26596,15.1,2512,2,22.59
85,Toyota,2023,Petrol,Manual,188935,10.5,1382,1,8.16
86,Maruti,2010,CNG,Automatic,40876,10.4,1823,0,14.06
87,Maruti,2022,Petrol,Manual,40568,12.4,1889,3,1.63
88,Kia,2006,Petrol,Automatic,188288,9.9,2192,3,5.59
89,Hyundai,2020,Electric,Manual,86428,26.8,2735,2,2.81
90,Kia,2011,CNG,Automatic,67681,14.1,1265,1,18.26
91,Maruti,2023,Petrol,Automatic,102291,15.4,1215,0,16.88
92,Toyota,2006,Diesel,Manual,5795,17.7,1120,2,4.39
93,Toyota,2015,CNG,Automatic,64790,20.7,2120,3,11.0
94,Maruti,2007,Diesel,Manual,93560,24.6,931,0,16.06
95,Kia,2023,Petrol,Manual,166215,14.0,1285,0,7.06
96,Toyota,2006,Electric,Automatic,196620,15.3,2875,1,10.63
97,Toyota,2022,Diesel,Automatic,32894,10.0,937,2,5.42
98,Hyundai,2024,CNG,Automatic,55161,9.7,811,3,19.32
99,Mahindra,2018,Petrol,Automatic,161339,17.3,2467,3,22.81
100,Tata,2020,CNG,Manual,101227,10.6,2623,2,13.2
101,Toyota,2021,Petrol,Manual,82977,19.4,2653,2,22.78
102,Honda,2020,Petrol,Automatic,180045,9.0,1572,0,12.43
103,Mahindra,2020,Diesel,Manual,6325,16.3,2953,2,19.53
104,Tata,2009,CNG,Automatic,147239,21.4,1369,0,14.99
105,Toyota,2015,Electric,Automatic,36253,15.2,2259,2,19.78
106,Tata,2022,CNG,Automatic,109991,27.6,1785,0,16.22
107,Kia,2015,Electric,Automatic,75033,18.5,1265,2,12.11
108,Kia,2010,Diesel,Automatic,112910,22.1,1307,2,4.08
109,Tata,2010,Electric,Manual,102545,20.7,976,0,6.69
110,Kia,2008,CNG,Manual,144537,18.7,1138,3,4.97
111,Kia,2014,Diesel,Manual,152600,23.7,2637,2,8.76
112,Kia,2006,Petrol,Automatic,38564,12.2,1795,2,17.73
113,Mahindra,2012,CNG,Manual,126242,21.4,2063,2,6.12
114,Tata,2008,Electric,Manual,12232,22.2,1503,0,16.44
115,Maruti,2023,CNG,Automatic,17860,10.1,2377,3,16.35
116,Tata,2022,Electric,Manual,159449,24.8,1358,1,21.96
117,Hyundai,2015,CNG,Automatic,81049,20.6,2826,1,14.67
118,Hyundai,2021,Petrol,Manual,158517,21.5,2570,1,8.96
119,Mahindra,2018,Petrol,Manual,114224,18.8,1333,1,23.02
120,Tata,2017,Petrol,Automatic,67740,28.0,1727,0,3.24
121,Tata,2005,Diesel,Automatic,19551,15.1,2913,0,9.13
122,Tata,2011,Petrol,Automatic,188529,19.9,2998,2,14.17
123,Toyota,2020,Diesel,Automatic,157510,22.2,2401,3,21.41
124,Hyundai,2010,CNG,Automatic,141147,19.2,823,1,7.51
125,Kia,2013,Electric,Automatic,70198,25.6,2508,1,8.96
126,Kia,2018,Electric,Manual,167099,23.3,1581,1,17.43
127,Honda,2013,Diesel,Automatic,114966,27.0,1335,0,19.87
128,Hyundai,2013,Electric,Manual,126141,29.4,2037,0,22.19
129,Mahindra,2006,Electric,Manual,18807,25.2,2281,2,3.29
130,Honda,2020,Diesel,Automatic,116640,23.2,2828,3,3.48
131,Mahindra,2018,Electric,Manual,52535,22.8,905,3,12.15
132,Kia,2009,Diesel,Automatic,121544,13.5,2760,0,8.74
133,Kia,2017,CNG,Automatic,47626,15.4,2811,0,22.61
134,Honda,2019,Diesel,Manual,154701,9.4,1316,1,19.64
135,Honda,2013,CNG,Automatic,98532,9.4,1296,0,7.35
136,Hyundai,2022,Electric,Manual,89851,21.8,1543,0,2.61
137,Maruti,2010,CNG,Manual,117341,11.9,1029,2,22.44
138,Mahindra,2019,Petrol,Manual,199469,25.5,2689,2,3.78
139,Toyota,2011,Electric,Automatic,74218,8.8,2587,2,15.55
140,Tata,2017,Petrol,Manual,129164,20.1,856,0,13.78
141,Honda,2010,Electric,Manual,67911,18.7,2796,3,14.09
142,Hyundai,2012,Diesel,Automatic,45245,9.4,2475,0,22.8
143,Mahindra,2007,CNG,Manual,181450,16.7,2390,2,17.67
144,Tata,2006,Diesel,Manual,16561,22.4,912,3,12.99
145,Tata,2022,Electric,Automatic,185428,12.1,1092,2,1.72
146,Kia,2014,Electric,Automatic,198355,28.5,1161,2,15.63
147,Tata,2009,Petrol,Manual,88655,10.0,2463,1,19.16
148,Mahindra,2021,Diesel,Automatic,27133,8.4,854,2,8.5
149,Mahindra,2013,CNG,Automatic,86295,20.3,1685,1,23.89
150,Honda,2020,Electric,Manual,190901,10.5,1488,2,21.76
151,Mahindra,2007,Diesel,Manual,47159,25.0,2227,2,5.98
152,Kia,2017,Diesel,Automatic,35132,18.9,1054,0,6.62
153,Hyundai,2007,Electric,Automatic,169255,25.7,1224,1,6.21
154,Mahindra,2015,Electric,Manual,72196,10.1,2864,3,5.69
155,Toyota,2014,CNG,Automatic,127799,22.0,1168,3,14.35
156,Honda,2012,Petrol,Manual,45914,26.4,2956,2,10.37
157,Toyota,2023,Electric,Manual,63859,13.7,2523,1,20.27
158,Mahindra,2010,Petrol,Automatic,128925,20.0,2813,3,11.88
159,Honda,2019,Electric,Manual,144519,23.3,1264,1,12.55
160,Maruti,2017,CNG,Automatic,84059,21.4,2462,1,22.22
161,Honda,2020,CNG,Manual,182530,28.2,1094,3,8.61
162,Kia,2008,CNG,Manual,149044,10.5,1530,3,4.52
163,Kia,2017,Electric,Manual,147785,12.9,2451,0,19.06
164,Maruti,2010,Diesel,Automatic,154119,20.3,1376,2,6.61
165,Kia,2022,CNG,Automatic,68328,23.4,1314,0,9.5
166,Hyundai,2014,Petrol,Manual,117109,16.2,1110,0,12.65
167,Honda,2020,CNG,Automatic,137693,24.8,1199,3,19.27
168,Toyota,2022,CNG,Automatic,91742,14.2,1897,1,6.29
169,Toyota,2009,Diesel,Manual,55157,27.3,2365,3,18.03
170,Mahindra,2020,Electric,Manual,157017,28.5,1434,0,17.38
171,Maruti,2007,CNG,Automatic,133976,26.2,1027,2,1.61
172,Kia,2015,Petrol,Automatic,34912,29.6,2872,1,8.92
173,Hyundai,2024,Petrol,Manual,119130,20.1,1836,1,9.95
174,Toyota,2018,Electric,Manual,107525,13.9,1671,1,20.22
175,Honda,2007,Petrol,Automatic,129329,28.0,2291,3,17.84
176,Mahindra,2012,CNG,Manual,20893,12.4,2060,1,23.31
177,Tata,2013,CNG,Automatic,27859,29.7,2757,3,6.64
178,Mahindra,2005,CNG,Automatic,70397,23.8,1231,2,2.54
179,Maruti,2015,Diesel,Automatic,154505,10.3,1472,0,16.11
180,Kia,2018,Diesel,Automatic,173983,23.9,2690,1,6.02
181,Toyota,2011,Diesel,Manual,137377,14.8,2530,3,2.88
182,Tata,2024,CNG,Automatic,199548,27.2,1934,3,5.81
183,Tata,2020,CNG,Automatic,86416,14.2,2224,0,16.77
184,Toyota,2020,CNG,Manual,66304,25.5,2897,3,9.88
185,Toyota,2009,CNG,Manual,176378,23.0,1173,0,14.77
186,Mahindra,2023,Electric,Manual,186644,10.5,2502,0,4.24
187,Honda,2006,CNG,Manual,19409,19.0,2257,3,12.07
188,Tata,2021,Diesel,Automatic,48882,27.6,1130,0,11.08
189,Mahindra,2022,CNG,Manual,32290,26.6,2748,3,13.28
190,Honda,2020,Petrol,Automatic,48485,29.9,1191,2,16.53
191,Toyota,2006,Diesel,Automatic,192367,19.2,2858,1,8.86
192,Maruti,2005,Diesel,Manual,46077,20.2,1443,3,17.15
193,Kia,2016,Diesel,Manual,7915,29.7,2122,0,15.85
194,Mahindra,2020,CNG,Manual,100857,24.2,1347,0,3.01
195,Honda,2007,Electric,Manual,83204,14.2,2782,0,13.43
196,Maruti,2024,Petrol,Automatic,117179,21.4,2355,0,16.2
197,Tata,2024,CNG,Automatic,163425,13.6,1952,1,7.95
198,Hyundai,2007,Electric,Automatic,180436,11.4,2758,0,13.88
199,Tata,2006,Diesel,Automatic,70577,14.7,1834,2,13.22
200,Hyundai,2022,Electric,Manual,182154,29.0,1921,0,22.14
201,Honda,2007,Electric,Automatic,194507,29.6,917,1,11.83
202,Tata,2021,Electric,Manual,189817,11.5,1763,0,4.25
203,Kia,2011,Petrol,Manual,13933,27.1,2493,2,20.7
204,Mahindra,2023,Diesel,Manual,57314,28.5,952,3,22.83
205,Kia,2021,Petrol,Manual,32660,28.1,1334,3,22.34
206,Honda,2013,Petrol,Manual,50128,13.2,2981,2,9.27
207,Honda,2018,CNG,Automatic,140919,9.5,1930,2,2.41
208,Mahindra,2018,CNG,Automatic,35670,9.3,2581,1,9.8
209,Mahindra,2010,Petrol,Manual,90994,19.4,2159,2,16.69
210,Hyundai,2005,Diesel,Automatic,160344,20.0,1124,1,23.38
211,Mahindra,2007,CNG,Manual,35594,24.9,1545,0,5.54
212,Kia,2008,Diesel,Manual,122065,14.7,1153,2,22.61
213,Kia,2019,Diesel,Manual,167190,25.9,825,0,7.85
214,Toyota,2021,Diesel,Manual,88617,18.9,2208,3,15.35
215,Hyundai,2014,CNG,Manual,193501,16.1,2204,2,10.84
216,Kia,2007,Electric,Automatic,154270,26.7,2786,1,9.06
217,Kia,2010,Petrol,Automatic,154111,8.1,1483,2,16.82
218,Tata,2017,CNG,Automatic,72723,27.4,1050,1,14.72
219,Hyundai,2016,Electric,Automatic,48086,29.0,1565,0,16.88
220,Mahindra,2020,Petrol,Automatic,107996,22.0,1915,0,14.96
221,Tata,2017,Diesel,Manual,189719,23.6,2289,0,11.22
222,Tata,2010,Electric,Automatic,86590,20.0,2482,2,24.42
223,Honda,2017,Petrol,Automatic,154118,27.9,1043,0,12.61
224,Mahindra,2011,CNG,Manual,124672,16.6,1875,2,8.11
225,Maruti,2019,CNG,Manual,152056,29.6,893,1,3.82
226,Tata,2018,Electric,Manual,167441,17.3,2067,3,8.21
227,Mahindra,2006,CNG,Automatic,186783,29.0,988,3,6.35
228,Hyundai,2008,Diesel,Manual,93323,16.7,2032,1,2.2
229,Hyundai,2012,Diesel,Automatic,127728,20.1,1137,2,23.05
230,Toyota,2021,Diesel,Automatic,113230,25.5,2454,1,9.32
231,Kia,2008,Electric,Manual,73006,12.3,2620,1,2.02
232,Maruti,2022,Petrol,Automatic,172548,24.9,2313,0,12.02
233,Maruti,2017,CNG,Automatic,32077,29.0,1267,2,5.58
234,Toyota,2024,CNG,Manual,35579,14.1,1864,2,16.37
235,Maruti,2013,Electric,Automatic,125216,22.9,2764,1,2.52
236,Tata,2007,CNG,Manual,53942,22.5,2009,3,15.31
237,Hyundai,2020,Petrol,Automatic,70581,12.5,2614,0,9.83
238,Mahindra,2010,CNG,Manual,99237,26.4,1137,0,4.31
239,Kia,2016,CNG,Manual,195598,28.4,2345,2,3.34
240,Honda,2008,CNG,Automatic,197906,15.1,1209,1,18.93
241,Toyota,2005,CNG,Automatic,191928,26.4,2597,0,6.16
242,Kia,2011,CNG,Automatic,86570,22.6,2121,1,21.25
243,Hyundai,2011,CNG,Automatic,182690,11.6,1978,3,20.79
244,Kia,2017,CNG,Automatic,155054,19.1,2722,2,23.53
245,Tata,2005,CNG,Automatic,65925,9.8,1269,1,16.73
246,Toyota,2010,CNG,Automatic,122848,9.5,2895,1,14.89
247,Mahindra,2016,CNG,Automatic,96071,30.0,1074,0,11.03
248,Maruti,2013,Electric,Automatic,30780,11.3,2008,3,16.79
249,Mahindra,2006,Electric,Manual,32180,10.8,2963,0,9.37
250,Honda,2011,Diesel,Manual,49964,14.7,1458,0,4.95
251,Toyota,2011,Electric,Manual,190863,14.7,2773,2,14.74
252,Honda,2009,CNG,Manual,196541,11.9,2586,1,23.16
253,Toyota,2005,Petrol,Automatic,96993,17.1,1313,1,7.63
254,Honda,2018,Electric,Manual,81930,26.8,2685,0,7.96
255,Tata,2007,Diesel,Automatic,64603,14.2,1983,0,15.95
256,Tata,2009,Petrol,Manual,47192,26.8,850,1,13.89
257,Toyota,2014,CNG,Manual,186851,18.4,2619,3,14.79
258,Hyundai,2023,CNG,Automatic,30017,27.5,2523,1,16.49
259,Honda,2006,Diesel,Manual,48886,19.6,2304,0,12.63
260,Hyundai,2008,Electric,Manual,177627,16.0,1023,3,2.16
261,Hyundai,2008,CNG,Manual,68354,12.4,2825,3,9.84
262,Honda,2009,Diesel,Manual,153987,26.2,896,2,12.58
263,Honda,2015,Diesel,Manual,9381,9.5,2476,2,24.72
264,Hyundai,2008,Petrol,Manual,29286,18.4,1187,0,12.72
265,Hyundai,2022,Diesel,Automatic,164687,20.6,1409,3,7.88
266,Tata,2005,Diesel,Manual,84320,21.7,2942,3,11.46
267,Maruti,2006,CNG,Automatic,29984,18.2,1108,3,6.33
268,Maruti,2018,CNG,Automatic,193218,11.8,1549,0,19.01
269,Mahindra,2013,Diesel,Automatic,49550,10.9,1095,2,23.21
270,Mahindra,2005,Electric,Automatic,117351,27.0,2736,1,20.43
271,Maruti,2024,Diesel,Manual,32179,11.0,2296,3,13.17
272,Honda,2006,Electric,Automatic,176020,23.5,2889,0,16.81
273,Mahindra,2007,Electric,Automatic,89813,13.8,1705,2,12.85
274,Tata,2015,Diesel,Automatic,148065,26.3,2814,3,23.06
275,Tata,2022,Electric,Automatic,61152,9.5,2942,1,14.18
276,Toyota,2005,Electric,Automatic,63663,8.3,2439,2,11.52
277,Maruti,2018,Electric,Manual,143238,25.7,1266,1,17.5
278,Toyota,2008,Petrol,Automatic,24179,20.1,1792,1,13.1
279,Kia,2021,Electric,Automatic,124266,14.8,1229,0,6.2
280,Hyundai,2014,Diesel,Automatic,128569,23.3,2188,0,3.42
281,Tata,2014,Petrol,Manual,165891,17.4,2295,1,2.9
282,Maruti,2007,Diesel,Automatic,16163,18.5,1545,3,12.15
283,Tata,2020,Petrol,Manual,150164,19.1,1903,2,5.19
284,Honda,2006,Electric,Automatic,86739,9.5,2849,0,12.37
285,Kia,2022,CNG,Manual,144552,15.0,1849,2,24.82
286,Hyundai,2022,Petrol,Manual,155626,25.0,1513,2,14.39
287,Kia,2015,CNG,Manual,60069,13.9,2521,3,14.68
288,Toyota,2016,Petrol,Manual,100455,17.7,2328,3,11.07
289,Honda,2005,Diesel,Manual,33935,17.0,987,3,11.64
290,Tata,2011,Diesel,Automatic,23731,20.4,1311,0,13.43
291,Honda,2008,Petrol,Manual,140998,24.7,2180,2,4.91
292,Toyota,2020,CNG,Manual,82249,9.6,839,2,17.82
293,Tata,2011,Diesel,Manual,73979,16.2,1211,0,17.33
294,Kia,2017,Petrol,Automatic,113045,17.8,2796,3,7.84
295,Tata,2024,Diesel,Automatic,189069,16.7,1949,0,4.21
296,Tata,2011,Electric,Automatic,87900,13.0,1011,0,3.18
297,Honda,2020,Petrol,Manual,63583,18.2,2322,3,9.63
298,Tata,2023,Electric,Automatic,169865,25.4,889,0,3.33
299,Tata,2006,Electric,Manual,132067,15.9,1432,0,20.62
300,Hyundai,2013,CNG,Automatic,59066,11.0,1665,0,17.35
301,Honda,2005,CNG,Manual,63268,27.5,2903,2,21.24
302,Hyundai,2022,Petrol,Manual,78358,19.1,888,2,1.53
303,Kia,2019,Diesel,Automatic,148035,11.7,2781,0,3.87
304,Kia,2010,CNG,Manual,86190,17.9,926,0,3.29
305,Maruti,2023,Petrol,Manual,155486,12.4,865,1,8.13
306,Mahindra,2018,CNG,Manual,185056,13.3,1200,2,23.13
307,Toyota,2019,Petrol,Automatic,64910,8.1,1061,0,15.7
308,Mahindra,2018,Electric,Automatic,77269,10.4,1847,3,5.08
309,Honda,2017,Electric,Manual,137243,13.2,1877,2,5.61
310,Tata,2013,Petrol,Automatic,102687,8.6,1213,2,2.83
311,Maruti,2024,CNG,Manual,167120,20.0,1975,2,14.06
312,Mahindra,2011,Petrol,Automatic,47807,24.3,2829,0,17.23
313,Mahindra,2007,Electric,Manual,21501,19.4,2126,1,5.43
314,Honda,2019,Electric,Automatic,76242,9.4,2857,3,12.92
315,Tata,2012,Electric,Manual,67523,22.5,2203,2,22.43
316,Toyota,2021,Diesel,Manual,100192,10.2,2205,0,11.11
317,Kia,2022,Petrol,Manual,97990,18.9,1617,3,5.35
318,Maruti,2008,Diesel,Automatic,95664,22.3,2652,3,2.07
319,Toyota,2021,CNG,Automatic,123164,21.9,2677,0,9.27
320,Maruti,2010,Diesel,Manual,118691,16.1,2032,3,9.04
321,Toyota,2007,CNG,Manual,143675,24.6,2705,3,7.74
322,Mahindra,2007,Diesel,Manual,104002,23.9,1802,2,23.83
323,Kia,2010,CNG,Manual,45988,9.9,2867,2,2.62
324,Honda,2024,Electric,Automatic,147085,26.2,1636,3,2.04
325,Honda,2015,CNG,Automatic,152801,16.1,958,1,1.98
326,Honda,2005,CNG,Automatic,67165,16.4,841,2,13.49
327,Maruti,2024,CNG,Automatic,45903,27.1,2614,1,8.79
328,Toyota,2008,Diesel,Manual,188731,22.9,909,2,7.81
329,Tata,2022,Electric,Manual,138395,22.6,1921,0,3.25
330,Toyota,2019,Electric,Manual,118223,24.5,1031,0,4.53
331,Hyundai,2022,Electric,Automatic,40967,28.9,1878,0,21.89
332,Honda,2013,Electric,Manual,179683,11.1,917,3,1.73
333,Mahindra,2018,Diesel,Automatic,135110,14.9,2445,1,23.13
334,Hyundai,2017,Electric,Manual,175019,29.3,2400,1,4.98
335,Tata,2007,Electric,Automatic,115642,12.2,1974,2,2.64
336,Maruti,2011,CNG,Automatic,110884,21.0,2119,3,19.38
337,Kia,2011,Petrol,Automatic,86717,14.2,2892,3,9.92
338,Hyundai,2005,CNG,Manual,167613,11.5,1002,2,24.39
339,Mahindra,2006,Petrol,Manual,147943,26.3,2502,0,4.96
340,Maruti,2005,CNG,Automatic,157025,18.9,2775,3,1.7
341,Mahindra,2024,CNG,Manual,84337,11.5,1636,0,5.56
342,Toyota,2015,Diesel,Manual,34825,21.9,1597,1,10.12
343,Hyundai,2005,Petrol,Automatic,145297,10.0,2933,2,4.98
344,Mahindra,2012,CNG,Manual,143675,28.3,1663,3,13.98
345,Hyundai,2009,CNG,Automatic,16696,29.2,1388,0,2.39
346,Maruti,2022,Petrol,Automatic,102943,29.5,1726,2,17.04
347,Honda,2007,Electric,Automatic,198741,19.0,2368,1,16.19
348,Tata,2015,Electric,Manual,152711,28.2,2261,2,22.23
349,Toyota,2024,Electric,Manual,63944,10.0,1791,0,24.66
350,Toyota,2011,Petrol,Automatic,81259,8.6,2183,2,15.76
351,Kia,2021,Diesel,Manual,169766,25.7,925,1,11.82
352,Kia,2006,Electric,Manual,156099,22.4,826,2,18.33
353,Maruti,2016,Petrol,Automatic,159125,10.3,1655,2,20.97
354,Honda,2005,CNG,Automatic,107127,29.7,1460,1,19.58
355,Mahindra,2016,Electric,Automatic,24058,20.1,1782,0,6.66
356,Tata,2007,Petrol,Automatic,105417,13.8,2258,0,20.02
357,Mahindra,2024,Electric,Manual,88832,10.3,841,3,22.5
358,Kia,2011,Petrol,Automatic,88702,8.0,2528,0,20.82
359,Honda,2013,CNG,Manual,33061,26.4,2871,0,8.77
360,Honda,2008,Diesel,Automatic,24905,29.6,2572,1,20.83
361,Maruti,2016,CNG,Automatic,96789,15.6,1865,2,17.98
362,Toyota,2011,CNG,Manual,141738,18.5,1671,2,7.11
363,Toyota,2011,Petrol,Automatic,182623,20.7,2498,2,20.39
364,Kia,2008,Petrol,Manual,63574,8.3,1384,0,21.23
365,Hyundai,2008,Petrol,Manual,45736,10.6,932,2,13.08
366,Hyundai,2009,CNG,Automatic,87766,10.8,2341,3,22.93
367,Toyota,2009,Electric,Manual,57842,13.0,1935,3,20.71
368,Hyundai,2020,Electric,Automatic,125018,11.2,2086,2,17.83
369,Kia,2016,Diesel,Automatic,163278,8.1,2588,0,15.56
370,Honda,2006,Electric,Manual,133457,9.0,2243,2,14.92
371,Toyota,2017,Electric,Manual,49457,16.0,2414,0,5.21
372,Kia,2013,Petrol,Manual,119210,12.4,1159,1,3.97
373,Mahindra,2023,CNG,Manual,80016,27.5,1050,2,20.76
374,Kia,2011,Diesel,Automatic,35459,13.0,883,1,22.8
375,Hyundai,2017,CNG,Manual,100824,29.9,2542,2,9.06
376,Honda,2005,CNG,Automatic,183928,19.5,2894,1,3.36
377,Maruti,2013,Petrol,Manual,73731,14.6,1880,3,18.14
378,Honda,2017,Diesel,Automatic,182604,26.4,1085,1,6.22
379,Honda,2015,CNG,Manual,91866,13.0,1560,2,17.79
380,Tata,2011,Petrol,Manual,151382,26.8,2674,0,2.4
381,Hyundai,2007,Petrol,Manual,110315,25.4,1891,2,11.06
382,Kia,2024,Diesel,Manual,161250,21.2,1978,2,16.05
383,Kia,2024,Electric,Manual,109410,27.6,894,2,11.47
384,Hyundai,2022,CNG,Automatic,193837,29.0,1835,3,9.37
385,Hyundai,2021,Diesel,Manual,35308,14.8,1828,2,4.96
386,Tata,2008,Electric,Automatic,90788,29.1,944,3,11.46
387,Tata,2007,Electric,Manual,23086,12.0,2589,2,9.66
388,Tata,2006,Petrol,Automatic,75293,27.7,2056,0,5.71
389,Toyota,2010,Diesel,Manual,38495,11.8,2274,0,22.06
390,Kia,2014,Diesel,Manual,159172,13.6,2901,2,24.07
391,Honda,2013,Petrol,Manual,73524,27.3,2787,1,12.58
392,Mahindra,2018,Electric,Manual,16888,9.5,1558,3,11.18
393,Toyota,2018,Electric,Automatic,110104,19.4,1520,1,1.64
394,Toyota,2008,Electric,Automatic,61619,25.4,1419,1,7.81
395,Mahindra,2005,Diesel,Manual,55498,12.3,2351,3,12.99
396,Mahindra,2019,CNG,Automatic,150984,28.1,2306,3,20.14
397,Kia,2013,Petrol,Manual,179453,16.7,2517,0,19.52
398,Tata,2011,Electric,Manual,165416,12.1,2224,0,15.73
399,Toyota,2009,Electric,Automatic,152126,22.1,1763,2,17.57
400,Maruti,2013,CNG,Automatic,24673,28.8,1301,3,24.04
401,Kia,2024,Electric,Automatic,157307,26.7,2551,3,16.99
402,Honda,2021,Electric,Automatic,38898,9.1,1603,3,17.54
403,Kia,2018,Electric,Manual,12261,17.9,2171,2,13.13
404,Tata,2010,CNG,Manual,169693,17.4,1238,3,5.21
405,Kia,2023,CNG,Automatic,136834,9.4,990,2,7.53
406,Tata,2014,CNG,Automatic,145515,15.8,2687,0,23.63
407,Hyundai,2008,Diesel,Automatic,107098,24.2,1410,1,16.48
408,Tata,2017,Petrol,Automatic,165154,10.6,1300,3,5.91
409,Kia,2011,Petrol,Manual,41248,22.8,817,3,21.52
410,Toyota,2020,CNG,Automatic,188616,8.7,2765,0,3.17
411,Hyundai,2015,Petrol,Automatic,23411,25.5,1649,0,14.7
412,Maruti,2009,CNG,Manual,25382,11.2,2132,3,10.53
413,Honda,2013,CNG,Automatic,97838,30.0,2301,2,23.11
414,Honda,2012,CNG,Manual,195946,13.4,2975,1,3.47
415,Honda,2018,CNG,Automatic,60345,18.8,2782,3,24.29
416,Mahindra,2018,CNG,Manual,176255,29.0,2665,2,20.47
417,Tata,2012,CNG,Automatic,48785,24.0,862,1,15.74
418,Honda,2019,Petrol,Automatic,93058,22.7,2971,2,16.23
419,Honda,2008,Diesel,Automatic,123777,11.5,1006,0,8.39
420,Toyota,2018,Diesel,Manual,196392,25.8,2149,1,2.67
421,Toyota,2019,CNG,Manual,84581,18.8,1963,2,16.94
422,Toyota,2010,CNG,Manual,139663,22.5,1309,3,9.29
423,Maruti,2012,Electric,Manual,101773,29.4,2168,0,17.43
424,Tata,2014,Petrol,Automatic,193048,26.1,1554,1,16.1
425,Mahindra,2022,Petrol,Automatic,30610,18.4,2607,1,15.31
426,Hyundai,2008,Electric,Automatic,85149,23.9,1655,3,21.0
427,Tata,2021,Electric,Automatic,9425,29.5,2807,0,6.3
428,Honda,2010,Petrol,Automatic,169562,24.3,899,3,11.53
429,Honda,2008,Electric,Automatic,41025,22.5,2855,1,19.44
430,Kia,2020,Diesel,Automatic,68394,13.7,1145,2,4.78
431,Tata,2023,Petrol,Automatic,156861,21.2,1996,3,3.49
432,Toyota,2022,Electric,Manual,88664,17.5,2231,3,3.37
433,Kia,2009,Petrol,Manual,17847,22.0,2978,0,6.15
434,Mahindra,2016,Electric,Automatic,178537,22.1,1456,2,16.54
435,Maruti,2006,Diesel,Manual,188915,17.5,1611,3,7.18
436,Honda,2009,CNG,Manual,12911,12.2,2708,3,2.63
437,Tata,2011,Petrol,Manual,149123,29.5,1302,1,11.54
438,Hyundai,2013,CNG,Automatic,64766,11.5,1045,1,12.84
439,Mahindra,2014,Electric,Automatic,5697,18.8,1062,3,13.45
440,Mahindra,2017,Petrol,Manual,73477,21.5,2090,1,2.94
441,Mahindra,2008,Electric,Manual,27311,28.0,2399,3,4.58
442,Tata,2006,Petrol,Manual,160999,13.0,843,2,8.65
443,Hyundai,2021,Petrol,Automatic,37098,18.2,1393,3,6.42
444,Toyota,2015,Electric,Manual,5533,14.4,1846,2,1.89
445,Hyundai,2022,Electric,Manual,182557,26.3,950,2,23.15
446,Toyota,2012,Electric,Manual,141240,10.1,2541,2,20.65
447,Hyundai,2010,CNG,Manual,43283,28.6,1940,1,5.77
448,Toyota,2012,Diesel,Automatic,50569,20.1,1844,3,19.7
449,Toyota,2022,CNG,Automatic,12282,25.2,2678,3,18.17
450,Hyundai,2011,Electric,Automatic,43221,22.5,1835,3,17.04
451,Toyota,2008,Diesel,Automatic,179881,22.4,1707,1,22.78
452,Maruti,2014,CNG,Manual,111104,25.8,2484,2,7.08
453,Maruti,2013,CNG,Automatic,143062,23.5,1150,3,15.57
454,Maruti,2011,CNG,Manual,194898,10.6,1731,2,14.35
455,Tata,2021,CNG,Manual,18567,17.7,1238,1,15.78
456,Tata,2012,Electric,Manual,162930,29.4,2969,3,7.96
457,Tata,2013,Diesel,Automatic,15142,23.0,979,3,12.11
458,Tata,2005,CNG,Manual,73819,9.9,1948,0,14.92
459,Toyota,2011,Electric,Manual,147317,28.4,1543,1,5.7
460,Kia,2012,CNG,Automatic,166561,9.9,2850,3,11.66
461,Hyundai,2018,Diesel,Manual,85302,15.7,1436,3,3.6
462,Toyota,2007,Petrol,Manual,183736,12.9,867,2,22.52
463,Maruti,2020,Electric,Automatic,123945,9.2,2151,1,3.01
464,Kia,2007,Electric,Automatic,32737,16.2,2509,2,5.22
465,Mahindra,2017,Petrol,Manual,6393,21.0,2781,3,11.59
466,Toyota,2018,Diesel,Manual,42820,12.9,1208,2,7.91
467,Toyota,2010,CNG,Manual,168738,12.1,835,2,7.85
468,Kia,2012,CNG,Manual,122627,25.9,2070,1,16.61
469,Maruti,2020,CNG,Manual,124447,11.8,896,2,7.44
470,Kia,2023,Diesel,Manual,57651,13.0,2721,1,5.96
471,Toyota,2012,Electric,Automatic,118183,29.0,1538,0,17.61
472,Kia,2012,Diesel,Automatic,134985,22.8,1771,2,2.08
473,Honda,2011,Electric,Manual,178521,22.6,2216,2,19.47
474,Hyundai,2013,CNG,Manual,157241,25.7,1996,3,23.12
475,Toyota,2020,CNG,Automatic,140478,20.1,2758,1,22.96
476,Hyundai,2009,Diesel,Automatic,95817,22.7,2845,0,5.8
477,Hyundai,2021,Petrol,Manual,7439,26.8,2349,2,17.32
478,Toyota,2020,CNG,Manual,43368,20.0,1839,1,5.29
479,Mahindra,2007,Petrol,Manual,103042,9.2,1762,3,4.88
480,Hyundai,2006,Petrol,Manual,50641,24.9,1254,1,13.68
481,Maruti,2005,Electric,Automatic,132330,19.1,1296,3,21.68
482,Tata,2015,Diesel,Manual,199474,16.1,2563,2,21.34
483,Toyota,2011,Petrol,Automatic,140072,12.6,1189,1,5.35
484,Mahindra,2013,Diesel,Manual,122728,11.8,2919,1,12.94
485,Toyota,2019,Petrol,Automatic,14953,28.4,1809,2,15.62
486,Kia,2010,Electric,Automatic,151356,13.6,2278,3,14.7
487,Hyundai,2010,Electric,Manual,116291,24.6,1851,1,4.56
488,Hyundai,2016,Diesel,Automatic,66939,10.0,1425,1,18.26
489,Honda,2022,Diesel,Automatic,40322,9.3,1973,3,16.12
490,Honda,2023,Electric,Automatic,63719,25.5,2022,2,5.97
491,Honda,2015,Electric,Automatic,5600,12.1,2749,3,20.52
492,Kia,2010,Diesel,Manual,121041,26.4,1017,1,16.57
493,Kia,2022,Electric,Automatic,135548,11.3,1127,1,15.66
494,Kia,2012,Electric,Manual,57898,23.8,2005,3,9.28
495,Kia,2021,Electric,Automatic,110493,19.2,2368,3,20.64
496,Hyundai,2022,Diesel,Manual,85003,15.1,2500,0,4.38
497,Honda,2008,Petrol,Manual,162238,16.4,1763,2,19.85
498,Hyundai,2012,CNG,Automatic,162673,26.6,1647,3,16.69
499,Tata,2024,Electric,Automatic,20690,16.2,1623,1,12.34
500,Maruti,2006,CNG,Automatic,103022,11.7,1743,1,17.99
501,Maruti,2020,Petrol,Automatic,179178,15.4,2143,0,6.1
502,Toyota,2015,Electric,Manual,41914,23.8,2613,3,4.76
503,Honda,2020,Petrol,Manual,193017,18.8,2545,0,24.15
504,Hyundai,2015,CNG,Automatic,15557,21.9,1170,3,19.79
505,Tata,2018,Petrol,Manual,65823,9.5,1871,1,17.2
506,Toyota,2014,Petrol,Automatic,173747,23.0,2634,1,2.71
507,Honda,2007,Petrol,Manual,140148,10.5,2491,0,16.2
508,Mahindra,2022,Electric,Automatic,122310,19.9,1104,2,24.22
509,Tata,2011,Diesel,Automatic,196188,10.7,2802,3,20.24
510,Kia,2005,Petrol,Automatic,196428,9.9,2244,2,18.89
511,Mahindra,2009,CNG,Automatic,127725,14.2,2014,0,16.02
512,Maruti,2010,Diesel,Automatic,121058,26.6,2000,1,6.29
513,Mahindra,2012,Petrol,Automatic,141474,21.4,2793,0,24.74
514,Toyota,2017,Petrol,Automatic,28824,19.3,1445,0,2.83
515,Toyota,2023,CNG,Manual,26168,18.4,2058,1,3.28
516,Maruti,2016,Diesel,Automatic,104137,23.5,1411,1,3.6
517,Tata,2012,Electric,Automatic,186026,29.8,1269,0,7.33
518,Toyota,2006,CNG,Manual,97003,22.0,1535,3,7.71
519,Kia,2018,Diesel,Automatic,5080,27.9,1356,3,7.18
520,Honda,2010,Petrol,Manual,145692,26.7,2730,0,21.51
521,Maruti,2014,Petrol,Automatic,84295,11.3,2007,1,17.48
522,Honda,2013,Diesel,Manual,104735,13.2,1882,2,6.89
523,Mahindra,2013,CNG,Automatic,117597,28.2,2266,1,14.21
524,Mahindra,2008,Petrol,Manual,51089,14.5,834,0,20.72
525,Tata,2024,Electric,Automatic,79630,28.0,1952,2,9.65
526,Toyota,2022,Petrol,Automatic,178757,23.1,2244,2,17.55
527,Maruti,2006,CNG,Manual,137186,21.0,1852,2,18.45
528,Maruti,2022,CNG,Manual,157376,13.5,1670,1,16.55
529,Kia,2019,Petrol,Manual,55638,27.1,2331,3,23.69
530,Tata,2011,Petrol,Automatic,182900,26.4,2033,3,9.85
531,Hyundai,2009,Electric,Manual,144471,21.7,2745,0,23.11
532,Honda,2014,Electric,Automatic,198323,25.7,2575,1,15.67
533,Tata,2012,CNG,Manual,162784,26.9,2878,1,19.85
534,Kia,2019,Electric,Manual,162749,19.6,1845,2,23.22
535,Toyota,2024,Diesel,Automatic,143905,8.1,2590,0,5.25
536,Honda,2012,Diesel,Automatic,100010,25.9,1935,2,2.94
537,Kia,2013,Diesel,Manual,53478,16.7,1665,1,23.46
538,Kia,2020,CNG,Manual,133604,26.6,2539,0,2.62
539,Mahindra,2017,Diesel,Manual,115845,17.2,1486,2,14.45
540,Tata,2008,Electric,Manual,182783,10.0,1517,3,9.08
541,Mahindra,2008,Electric,Automatic,11734,10.4,2226,3,10.62
542,Kia,2022,Diesel,Manual,6598,16.4,1131,2,11.71
543,Mahindra,2005,Petrol,Manual,29281,10.9,2216,0,16.86
544,Toyota,2017,Diesel,Automatic,178590,10.5,1690,3,10.65
545,Kia,2012,Electric,Manual,81097,11.1,2478,0,19.2
546,Tata,2011,Electric,Manual,165195,8.8,2002,1,22.65
547,Mahindra,2017,Electric,Automatic,183230,10.6,1367,1,14.49
548,Hyundai,2018,Diesel,Automatic,74609,26.6,2017,0,13.31
549,Kia,2010,Electric,Automatic,67518,18.1,2782,3,2.28
550,Toyota,2013,Petrol,Automatic,92652,28.1,1915,3,12.45
551,Kia,2024,Electric,Automatic,138141,26.6,2992,2,14.14
552,Toyota,2018,CNG,Automatic,164540,21.9,1454,0,5.52
553,Mahindra,2023,Petrol,Manual,18592,28.9,2044,2,19.43
554,Hyundai,2008,Diesel,Automatic,22153,19.5,1702,3,23.02
555,Toyota,2015,Petrol,Manual,47653,20.5,1699,1,24.09
556,Toyota,2021,Diesel,Automatic,188787,12.7,2790,1,15.85
557,Kia,2010,Diesel,Manual,141492,23.4,2779,0,15.1
558,Honda,2010,CNG,Manual,57231,9.4,1099,1,21.21
559,Mahindra,2018,Petrol,Manual,143532,14.0,2468,3,17.22
560,Toyota,2009,Diesel,Automatic,12535,20.6,1038,3,19.72
561,Hyundai,2018,Petrol,Automatic,111833,14.6,1876,1,5.77
562,Hyundai,2010,Diesel,Manual,41216,18.2,2826,0,14.71
563,Maruti,2010,Diesel,Manual,167178,19.8,2152,2,21.94
564,Toyota,2006,Electric,Manual,21651,27.4,2202,1,14.19
565,Hyundai,2020,Electric,Automatic,92728,28.9,1276,1,21.67
566,Hyundai,2013,Petrol,Automatic,78016,29.8,1245,1,12.99
567,Kia,2006,Diesel,Manual,184662,11.6,1999,3,6.24
568,Mahindra,2021,CNG,Manual,112938,10.5,2930,2,8.2
569,Maruti,2023,Diesel,Manual,130261,22.3,1253,0,4.48
570,Tata,2017,Diesel,Manual,109961,24.9,2938,3,2.56
571,Mahindra,2021,CNG,Manual,127141,22.9,2874,1,6.98
572,Hyundai,2005,Diesel,Manual,83805,23.0,2715,3,8.92
573,Tata,2018,Electric,Automatic,156383,27.1,2758,3,17.85
574,Hyundai,2012,Electric,Automatic,101859,10.8,1830,2,8.03
575,Toyota,2008,Diesel,Automatic,161270,22.3,1510,3,16.02
576,Honda,2007,CNG,Automatic,24832,28.5,2218,3,18.87
577,Hyundai,2020,Petrol,Manual,126396,28.5,1096,3,16.44
578,Tata,2009,Electric,Manual,109094,27.3,2095,3,7.75
579,Mahindra,2022,Electric,Manual,179437,19.5,2463,0,10.53
580,Hyundai,2007,Diesel,Manual,184925,12.1,860,0,23.85
581,Tata,2008,Petrol,Manual,195976,9.5,850,1,14.19
582,Mahindra,2016,Petrol,Automatic,133182,23.0,1930,1,20.38
583,Kia,2014,Electric,Manual,140493,29.9,1615,0,21.87
584,Mahindra,2016,Diesel,Manual,18693,14.1,2941,1,21.73
585,Maruti,2023,Diesel,Manual,87623,20.7,826,1,4.35
586,Kia,2011,Electric,Manual,58338,28.3,2064,3,23.02
587,Maruti,2021,Electric,Automatic,48235,15.1,2005,2,17.45
588,Mahindra,2023,CNG,Manual,159437,13.8,1896,3,6.68
589,Mahindra,2008,Diesel,Manual,107826,27.0,913,0,11.38
590,Tata,2022,Petrol,Manual,65345,8.3,946,2,17.67
591,Honda,2022,Electric,Manual,192390,8.9,2728,0,10.86
592,Toyota,2023,Electric,Automatic,130275,25.4,1496,2,11.93
593,Toyota,2012,CNG,Automatic,67692,25.9,2613,3,21.04
594,Toyota,2020,Diesel,Automatic,8004,23.5,2444,3,15.1
595,Mahindra,2007,Diesel,Automatic,134879,29.2,1831,3,19.03
596,Mahindra,2024,Electric,Automatic,133880,19.1,2060,2,2.96
597,Mahindra,2023,CNG,Manual,151778,20.5,1530,0,3.36
598,Tata,2015,Electric,Automatic,199006,9.6,2749,2,20.19
599,Kia,2023,Petrol,Automatic,79681,13.8,2380,1,9.75
600,Hyundai,2009,Electric,Manual,81335,26.2,806,1,6.97
601,Tata,2016,CNG,Manual,161127,11.3,1571,0,15.47
602,Maruti,2008,Electric,Manual,96688,17.5,2348,0,19.68
603,Mahindra,2019,Diesel,Manual,128357,20.8,2324,3,22.54
604,Mahindra,2023,Petrol,Automatic,53917,19.1,1212,3,2.34
605,Kia,2013,Petrol,Automatic,136159,9.3,1952,2,24.61
606,Honda,2009,Electric,Automatic,42557,16.9,2652,1,15.65
607,Kia,2012,Petrol,Manual,84763,9.8,1037,2,8.78
608,Tata,2020,Petrol,Manual,69538,8.5,1399,1,13.89
609,Hyundai,2008,Diesel,Manual,161281,25.0,2345,2,6.9
610,Mahindra,2024,Diesel,Manual,189599,25.4,1671,0,3.53
611,Kia,2010,Diesel,Manual,91814,21.5,2522,2,9.55
612,Kia,2016,Electric,Automatic,28384,29.8,2329,0,14.81
613,Kia,2022,Electric,Manual,64591,11.8,2394,3,6.62
614,Tata,2009,Diesel,Manual,183926,15.8,1397,3,6.34
615,Hyundai,2018,Diesel,Automatic,62212,18.1,2019,3,13.94
616,Maruti,2010,Petrol,Manual,116499,19.6,927,3,11.41
617,Maruti,2009,Diesel,Manual,170767,12.5,1312,3,13.09
618,Mahindra,2020,Diesel,Automatic,12879,8.0,991,1,18.2
619,Kia,2021,Electric,Manual,117433,16.4,2094,3,13.64
620,Hyundai,2023,Electric,Automatic,142234,17.9,2974,3,1.68
621,Maruti,2007,Electric,Automatic,92597,19.4,2786,2,12.01
622,Tata,2008,CNG,Automatic,102515,10.9,1171,0,11.48
623,Hyundai,2010,Petrol,Manual,83708,20.3,1678,3,19.66
624,Maruti,2005,Petrol,Manual,14302,25.5,800,3,19.78
625,Maruti,2005,Petrol,Automatic,47874,11.5,2495,1,3.68
626,Mahindra,2015,Electric,Automatic,26589,23.4,1590,1,17.65
627,Toyota,2013,Petrol,Manual,28418,15.7,1570,2,12.76
628,Mahindra,2019,Diesel,Automatic,101785,8.1,2756,2,24.15
629,Honda,2023,CNG,Automatic,130226,21.7,2163,1,11.56
630,Hyundai,2005,CNG,Automatic,37101,10.0,1281,1,19.31
631,Hyundai,2021,Diesel,Automatic,102335,25.1,827,3,24.53
632,Kia,2017,Electric,Automatic,28383,24.3,1270,3,11.46
633,Kia,2011,CNG,Manual,174132,23.7,1505,0,21.59
634,Maruti,2013,CNG,Automatic,27796,29.2,1301,0,19.78
635,Mahindra,2007,Diesel,Manual,132445,24.2,2938,1,20.78
636,Tata,2021,Electric,Automatic,159822,10.4,2018,1,18.33
637,Tata,2012,Petrol,Automatic,92851,27.0,2108,2,23.5
638,Maruti,2022,Electric,Automatic,96007,9.0,982,0,15.82
639,Mahindra,2016,Electric,Manual,79844,17.1,1461,0,23.77
640,Kia,2018,CNG,Manual,107946,9.4,1149,3,12.19
641,Maruti,2021,CNG,Manual,22164,25.7,1849,0,18.11
642,Toyota,2015,Electric,Manual,198650,26.2,2504,1,15.62
643,Hyundai,2022,Electric,Manual,62891,24.2,2786,0,18.26
644,Tata,2011,Electric,Manual,18189,11.5,2457,1,11.83
645,Kia,2019,CNG,Manual,194170,14.2,2132,0,22.81
646,Tata,2009,CNG,Manual,103031,8.3,2954,3,11.48
647,Maruti,2006,Diesel,Manual,83828,17.6,936,0,3.29
648,Maruti,2005,CNG,Automatic,50062,21.6,1496,1,4.28
649,Toyota,2010,Diesel,Manual,35614,24.3,2316,3,11.45
650,Kia,2008,Electric,Manual,95546,10.7,2718,1,16.24
651,Toyota,2017,Electric,Automatic,42996,16.3,1359,1,5.92
652,Mahindra,2012,Petrol,Automatic,14608,14.7,2203,1,7.15
653,Honda,2006,CNG,Automatic,95185,27.0,1961,2,1.74
654,Tata,2013,Diesel,Automatic,21627,29.6,2536,3,21.5
655,Tata,2010,Electric,Automatic,63911,14.3,2879,1,5.65
656,Hyundai,2017,CNG,Automatic,37369,28.5,1078,1,5.07
657,Maruti,2006,CNG,Automatic,88835,21.7,1382,1,22.18
658,Toyota,2011,Petrol,Manual,98840,10.7,1359,1,2.99
659,Maruti,2010,CNG,Automatic,68969,27.2,866,1,1.68
660,Honda,2014,Electric,Automatic,197288,11.6,2866,3,16.69
661,Hyundai,2009,Petrol,Automatic,189366,10.0,1718,2,11.77
662,Tata,2011,CNG,Automatic,125876,28.5,1421,3,24.54
663,Honda,2023,Petrol,Automatic,17171,14.8,2546,2,2.25
664,Tata,2010,CNG,Manual,111963,12.1,1016,3,12.76
665,Toyota,2005,Electric,Manual,137243,21.1,851,1,10.55
666,Honda,2020,Electric,Automatic,111740,28.2,2194,1,15.54
667,Hyundai,2023,CNG,Automatic,154870,15.6,2589,0,18.68
668,Toyota,2024,Electric,Automatic,22952,21.1,2379,2,18.67
669,Toyota,2011,Petrol,Automatic,174084,19.3,2649,1,16.14
670,Hyundai,2010,Diesel,Automatic,176641,28.8,1047,2,13.84
671,Toyota,2005,CNG,Manual,67731,12.1,2519,2,20.22
672,Toyota,2022,Petrol,Automatic,149145,10.2,1401,3,12.15
673,Tata,2006,Diesel,Automatic,43680,14.5,2108,0,22.52
674,Kia,2016,Diesel,Automatic,161382,13.5,986,2,4.93
675,Hyundai,2022,CNG,Manual,156422,11.4,848,3,10.29
676,Toyota,2013,Petrol,Automatic,148743,12.2,1027,1,6.81
677,Honda,2021,Diesel,Automatic,135532,18.4,1229,1,20.1
678,Mahindra,2013,CNG,Automatic,51334,20.2,1767,2,15.97
679,Mahindra,2011,Electric,Automatic,71306,24.6,1878,1,18.7
680,Maruti,2022,CNG,Automatic,109200,14.7,2614,1,22.17
681,Mahindra,2010,CNG,Automatic,7827,14.6,859,3,10.89
682,Maruti,2011,Diesel,Manual,168195,11.7,2392,2,13.63
683,Kia,2015,Electric,Automatic,133666,23.8,2321,3,12.89
684,Mahindra,2009,Diesel,Manual,96515,18.0,976,1,18.0
685,Kia,2012,Electric,Automatic,162135,29.2,2235,0,21.07
686,Mahindra,2016,Diesel,Manual,121641,24.9,2916,2,19.13
687,Honda,2023,Petrol,Manual,128709,29.3,1675,1,17.08
688,Kia,2023,Electric,Automatic,185296,27.9,2514,1,10.15
689,Hyundai,2018,Diesel,Manual,18139,25.4,2589,2,11.03
690,Tata,2011,Petrol,Manual,160717,11.9,2594,0,8.82
691,Toyota,2013,CNG,Automatic,37707,19.1,2811,1,19.53
692,Tata,2019,Electric,Automatic,176144,14.7,1379,1,13.3
693,Mahindra,2011,CNG,Manual,197989,15.6,2144,2,20.67
694,Kia,2015,Petrol,Manual,80470,21.6,1140,2,9.17
695,Hyundai,2009,Electric,Manual,24335,29.0,2585,2,17.18
696,Kia,2024,Petrol,Automatic,166091,16.3,969,1,21.97
697,Hyundai,2008,Electric,Manual,27876,19.6,2697,3,12.83
698,Maruti,2019,Electric,Automatic,169134,21.7,1850,1,3.49
699,Hyundai,2020,Diesel,Manual,167272,10.9,1444,2,12.56
700,Hyundai,2005,CNG,Manual,49011,12.0,2734,3,4.83
